<map>
  <entry>
    <int>2</int>
    <point>
      <x>241.0</x>
      <y>74.0</y>
    </point>
  </entry>
  <entry>
    <int>4</int>
    <point>
      <x>280.0</x>
      <y>172.0</y>
    </point>
  </entry>
  <entry>
    <int>8</int>
    <point>
      <x>109.0</x>
      <y>289.0</y>
    </point>
  </entry>
  <entry>
    <int>6</int>
    <point>
      <x>287.1899108886719</x>
      <y>300.87611389160156</y>
    </point>
  </entry>
  <entry>
    <int>1</int>
    <point>
      <x>84.0</x>
      <y>168.0</y>
    </point>
  </entry>
  <entry>
    <int>3</int>
    <point>
      <x>198.0</x>
      <y>209.0</y>
    </point>
  </entry>
  <entry>
    <int>7</int>
    <point>
      <x>451.5292053222656</x>
      <y>234.42221069335938</y>
    </point>
  </entry>
  <entry>
    <int>5</int>
    <point>
      <x>410.0</x>
      <y>183.0</y>
    </point>
  </entry>
</map>