<map>
  <entry>
    <int>2</int>
    <list>
      <int>5</int>
    </list>
  </entry>
  <entry>
    <int>4</int>
    <list>
      <int>6</int>
      <int>5</int>
    </list>
  </entry>
  <entry>
    <int>8</int>
    <list>
      <int>1</int>
    </list>
  </entry>
  <entry>
    <int>6</int>
    <list>
      <int>7</int>
      <int>8</int>
    </list>
  </entry>
  <entry>
    <int>1</int>
    <list>
      <int>2</int>
      <int>3</int>
    </list>
  </entry>
  <entry>
    <int>3</int>
    <list>
      <int>8</int>
      <int>4</int>
    </list>
  </entry>
  <entry>
    <int>7</int>
    <list/>
  </entry>
  <entry>
    <int>5</int>
    <list>
      <int>7</int>
    </list>
  </entry>
</map>