<list>
  <int>201</int>
  <int>143</int>
  <int>252</int>
  <int>69</int>
  <int>106</int>
  <int>80</int>
  <int>238</int>
  <int>242</int>
  <int>97</int>
  <int>78</int>
  <int>134</int>
  <int>234</int>
  <int>72</int>
  <int>193</int>
  <int>150</int>
  <int>226</int>
  <int>121</int>
  <int>120</int>
  <int>67</int>
  <int>173</int>
  <int>71</int>
  <int>19</int>
  <int>122</int>
  <int>26</int>
  <int>56</int>
  <int>74</int>
  <int>195</int>
  <int>191</int>
  <int>44</int>
  <int>183</int>
  <int>261</int>
  <int>151</int>
  <int>264</int>
  <int>42</int>
  <int>160</int>
  <int>189</int>
  <int>211</int>
  <int>251</int>
  <int>40</int>
  <int>241</int>
  <int>46</int>
  <int>104</int>
  <int>156</int>
  <int>108</int>
  <int>215</int>
  <int>180</int>
  <int>54</int>
  <int>95</int>
  <int>182</int>
  <int>113</int>
  <int>216</int>
  <int>213</int>
  <int>57</int>
  <int>199</int>
  <int>51</int>
  <int>86</int>
  <int>64</int>
  <int>81</int>
  <int>107</int>
  <int>21</int>
  <int>263</int>
  <int>161</int>
  <int>229</int>
  <int>131</int>
  <int>93</int>
  <int>208</int>
  <int>155</int>
  <int>162</int>
  <int>111</int>
  <int>135</int>
  <int>144</int>
  <int>96</int>
  <int>94</int>
  <int>59</int>
  <int>212</int>
  <int>253</int>
  <int>62</int>
  <int>146</int>
  <int>124</int>
  <int>20</int>
  <int>260</int>
  <int>235</int>
  <int>153</int>
  <int>100</int>
  <int>129</int>
  <int>223</int>
  <int>192</int>
  <int>137</int>
  <int>179</int>
  <int>166</int>
  <int>157</int>
  <int>23</int>
  <int>102</int>
  <int>256</int>
  <int>168</int>
  <int>52</int>
  <int>55</int>
  <int>149</int>
  <int>103</int>
  <int>244</int>
  <int>198</int>
  <int>139</int>
  <int>240</int>
  <int>73</int>
  <int>214</int>
  <int>196</int>
  <int>109</int>
  <int>49</int>
  <int>217</int>
  <int>164</int>
  <int>225</int>
  <int>233</int>
  <int>236</int>
  <int>22</int>
  <int>38</int>
  <int>25</int>
  <int>152</int>
  <int>176</int>
  <int>197</int>
  <int>82</int>
  <int>246</int>
  <int>32</int>
  <int>254</int>
  <int>63</int>
  <int>141</int>
  <int>167</int>
  <int>16</int>
  <int>159</int>
  <int>105</int>
  <int>90</int>
  <int>178</int>
  <int>154</int>
  <int>27</int>
  <int>66</int>
  <int>118</int>
  <int>119</int>
  <int>172</int>
  <int>43</int>
  <int>206</int>
  <int>185</int>
  <int>84</int>
  <int>259</int>
  <int>230</int>
  <int>116</int>
  <int>243</int>
  <int>53</int>
  <int>262</int>
  <int>101</int>
  <int>77</int>
  <int>30</int>
  <int>170</int>
  <int>36</int>
  <int>181</int>
  <int>115</int>
  <int>219</int>
  <int>45</int>
  <int>61</int>
  <int>76</int>
  <int>228</int>
  <int>148</int>
  <int>186</int>
  <int>249</int>
  <int>188</int>
  <int>245</int>
  <int>202</int>
  <int>224</int>
  <int>70</int>
  <int>48</int>
  <int>140</int>
  <int>218</int>
  <int>237</int>
  <int>194</int>
  <int>158</int>
  <int>220</int>
  <int>187</int>
  <int>37</int>
  <int>60</int>
  <int>47</int>
  <int>24</int>
  <int>258</int>
  <int>125</int>
  <int>163</int>
  <int>39</int>
  <int>165</int>
  <int>33</int>
  <int>110</int>
  <int>147</int>
  <int>92</int>
  <int>138</int>
  <int>31</int>
  <int>248</int>
  <int>88</int>
  <int>117</int>
  <int>34</int>
  <int>126</int>
  <int>83</int>
  <int>169</int>
  <int>250</int>
  <int>127</int>
  <int>112</int>
  <int>68</int>
  <int>133</int>
  <int>50</int>
  <int>29</int>
  <int>204</int>
  <int>175</int>
  <int>207</int>
  <int>85</int>
  <int>177</int>
  <int>145</int>
  <int>257</int>
  <int>130</int>
  <int>142</int>
  <int>99</int>
  <int>184</int>
  <int>18</int>
  <int>209</int>
  <int>75</int>
  <int>17</int>
  <int>28</int>
  <int>41</int>
  <int>87</int>
  <int>123</int>
  <int>239</int>
  <int>227</int>
  <int>203</int>
  <int>210</int>
  <int>114</int>
  <int>231</int>
  <int>205</int>
  <int>174</int>
  <int>136</int>
  <int>132</int>
  <int>98</int>
  <int>171</int>
  <int>79</int>
  <int>222</int>
  <int>190</int>
  <int>89</int>
  <int>65</int>
  <int>247</int>
  <int>255</int>
  <int>58</int>
  <int>91</int>
  <int>35</int>
  <int>232</int>
  <int>128</int>
  <int>200</int>
  <int>15</int>
</list>