<map>
  <entry>
    <int>30</int>
    <point>
      <x>630.0</x>
      <y>147.0</y>
    </point>
  </entry>
  <entry>
    <int>214</int>
    <point>
      <x>383.0</x>
      <y>595.0</y>
    </point>
  </entry>
  <entry>
    <int>158</int>
    <point>
      <x>233.0</x>
      <y>333.0</y>
    </point>
  </entry>
  <entry>
    <int>31</int>
    <point>
      <x>582.0</x>
      <y>145.0</y>
    </point>
  </entry>
  <entry>
    <int>95</int>
    <point>
      <x>432.0</x>
      <y>239.0</y>
    </point>
  </entry>
  <entry>
    <int>223</int>
    <point>
      <x>241.0</x>
      <y>492.0</y>
    </point>
  </entry>
  <entry>
    <int>213</int>
    <point>
      <x>394.0</x>
      <y>576.0</y>
    </point>
  </entry>
  <entry>
    <int>86</int>
    <point>
      <x>512.0</x>
      <y>360.0</y>
    </point>
  </entry>
  <entry>
    <int>159</int>
    <point>
      <x>223.0</x>
      <y>353.0</y>
    </point>
  </entry>
  <entry>
    <int>34</int>
    <point>
      <x>619.0</x>
      <y>168.0</y>
    </point>
  </entry>
  <entry>
    <int>32</int>
    <point>
      <x>544.0</x>
      <y>126.0</y>
    </point>
  </entry>
  <entry>
    <int>96</int>
    <point>
      <x>419.0</x>
      <y>260.0</y>
    </point>
  </entry>
  <entry>
    <int>224</int>
    <point>
      <x>233.0</x>
      <y>511.0</y>
    </point>
  </entry>
  <entry>
    <int>160</int>
    <point>
      <x>211.0</x>
      <y>370.0</y>
    </point>
  </entry>
  <entry>
    <int>85</int>
    <point>
      <x>523.0</x>
      <y>341.0</y>
    </point>
  </entry>
  <entry>
    <int>201</int>
    <point>
      <x>186.0</x>
      <y>685.0</y>
    </point>
  </entry>
  <entry>
    <int>29</int>
    <point>
      <x>603.0</x>
      <y>108.0</y>
    </point>
  </entry>
  <entry>
    <int>157</int>
    <point>
      <x>243.0</x>
      <y>314.0</y>
    </point>
  </entry>
  <entry>
    <int>257</int>
    <point>
      <x>19.0</x>
      <y>565.0</y>
    </point>
  </entry>
  <entry>
    <int>100</int>
    <point>
      <x>378.0</x>
      <y>338.0</y>
    </point>
  </entry>
  <entry>
    <int>146</int>
    <point>
      <x>315.0</x>
      <y>453.0</y>
    </point>
  </entry>
  <entry>
    <int>82</int>
    <point>
      <x>555.0</x>
      <y>282.0</y>
    </point>
  </entry>
  <entry>
    <int>258</int>
    <point>
      <x>9.0</x>
      <y>585.0</y>
    </point>
  </entry>
  <entry>
    <int>203</int>
    <point>
      <x>357.0</x>
      <y>555.0</y>
    </point>
  </entry>
  <entry>
    <int>145</int>
    <point>
      <x>326.0</x>
      <y>434.0</y>
    </point>
  </entry>
  <entry>
    <int>194</int>
    <point>
      <x>260.0</x>
      <y>551.0</y>
    </point>
  </entry>
  <entry>
    <int>140</int>
    <point>
      <x>406.0</x>
      <y>553.0</y>
    </point>
  </entry>
  <entry>
    <int>81</int>
    <point>
      <x>465.0</x>
      <y>357.0</y>
    </point>
  </entry>
  <entry>
    <int>27</int>
    <point>
      <x>593.0</x>
      <y>128.0</y>
    </point>
  </entry>
  <entry>
    <int>259</int>
    <point>
      <x>-5.0</x>
      <y>607.0</y>
    </point>
  </entry>
  <entry>
    <int>166</int>
    <point>
      <x>201.0</x>
      <y>289.0</y>
    </point>
  </entry>
  <entry>
    <int>212</int>
    <point>
      <x>262.0</x>
      <y>725.0</y>
    </point>
  </entry>
  <entry>
    <int>28</int>
    <point>
      <x>614.0</x>
      <y>86.0</y>
    </point>
  </entry>
  <entry>
    <int>38</int>
    <point>
      <x>478.0</x>
      <y>64.0</y>
    </point>
  </entry>
  <entry>
    <int>232</int>
    <point>
      <x>171.0</x>
      <y>475.0</y>
    </point>
  </entry>
  <entry>
    <int>94</int>
    <point>
      <x>443.0</x>
      <y>219.0</y>
    </point>
  </entry>
  <entry>
    <int>168</int>
    <point>
      <x>190.0</x>
      <y>334.0</y>
    </point>
  </entry>
  <entry>
    <int>262</int>
    <point>
      <x>726.0</x>
      <y>95.0</y>
    </point>
  </entry>
  <entry>
    <int>23</int>
    <point>
      <x>113.0</x>
      <y>392.0</y>
    </point>
  </entry>
  <entry>
    <int>87</int>
    <point>
      <x>502.0</x>
      <y>379.0</y>
    </point>
  </entry>
  <entry>
    <int>263</int>
    <point>
      <x>704.0</x>
      <y>136.0</y>
    </point>
  </entry>
  <entry>
    <int>150</int>
    <point>
      <x>329.0</x>
      <y>336.0</y>
    </point>
  </entry>
  <entry>
    <int>35</int>
    <point>
      <x>576.0</x>
      <y>66.0</y>
    </point>
  </entry>
  <entry>
    <int>149</int>
    <point>
      <x>253.0</x>
      <y>473.0</y>
    </point>
  </entry>
  <entry>
    <int>193</int>
    <point>
      <x>271.0</x>
      <y>532.0</y>
    </point>
  </entry>
  <entry>
    <int>33</int>
    <point>
      <x>554.0</x>
      <y>105.0</y>
    </point>
  </entry>
  <entry>
    <int>260</int>
    <point>
      <x>360.0</x>
      <y>100.0</y>
    </point>
  </entry>
  <entry>
    <int>132</int>
    <point>
      <x>366.0</x>
      <y>534.0</y>
    </point>
  </entry>
  <entry>
    <int>206</int>
    <point>
      <x>325.0</x>
      <y>611.0</y>
    </point>
  </entry>
  <entry>
    <int>93</int>
    <point>
      <x>459.0</x>
      <y>307.0</y>
    </point>
  </entry>
  <entry>
    <int>196</int>
    <point>
      <x>240.0</x>
      <y>589.0</y>
    </point>
  </entry>
  <entry>
    <int>24</int>
    <point>
      <x>90.0</x>
      <y>433.0</y>
    </point>
  </entry>
  <entry>
    <int>88</int>
    <point>
      <x>490.0</x>
      <y>399.0</y>
    </point>
  </entry>
  <entry>
    <int>195</int>
    <point>
      <x>250.0</x>
      <y>570.0</y>
    </point>
  </entry>
  <entry>
    <int>36</int>
    <point>
      <x>525.0</x>
      <y>65.0</y>
    </point>
  </entry>
  <entry>
    <int>26</int>
    <point>
      <x>276.0</x>
      <y>254.0</y>
    </point>
  </entry>
  <entry>
    <int>154</int>
    <point>
      <x>287.0</x>
      <y>412.0</y>
    </point>
  </entry>
  <entry>
    <int>167</int>
    <point>
      <x>196.0</x>
      <y>312.0</y>
    </point>
  </entry>
  <entry>
    <int>108</int>
    <point>
      <x>384.0</x>
      <y>237.0</y>
    </point>
  </entry>
  <entry>
    <int>204</int>
    <point>
      <x>347.0</x>
      <y>575.0</y>
    </point>
  </entry>
  <entry>
    <int>74</int>
    <point>
      <x>512.0</x>
      <y>5.0</y>
    </point>
  </entry>
  <entry>
    <int>261</int>
    <point>
      <x>349.0</x>
      <y>118.0</y>
    </point>
  </entry>
  <entry>
    <int>46</int>
    <point>
      <x>577.0</x>
      <y>244.0</y>
    </point>
  </entry>
  <entry>
    <int>25</int>
    <point>
      <x>264.0</x>
      <y>274.0</y>
    </point>
  </entry>
  <entry>
    <int>153</int>
    <point>
      <x>296.0</x>
      <y>395.0</y>
    </point>
  </entry>
  <entry>
    <int>202</int>
    <point>
      <x>173.0</x>
      <y>703.0</y>
    </point>
  </entry>
  <entry>
    <int>79</int>
    <point>
      <x>485.0</x>
      <y>320.0</y>
    </point>
  </entry>
  <entry>
    <int>207</int>
    <point>
      <x>313.0</x>
      <y>631.0</y>
    </point>
  </entry>
  <entry>
    <int>143</int>
    <point>
      <x>346.0</x>
      <y>395.0</y>
    </point>
  </entry>
  <entry>
    <int>43</int>
    <point>
      <x>571.0</x>
      <y>167.0</y>
    </point>
  </entry>
  <entry>
    <int>16</int>
    <point>
      <x>517.0</x>
      <y>85.0</y>
    </point>
  </entry>
  <entry>
    <int>80</int>
    <point>
      <x>475.0</x>
      <y>339.0</y>
    </point>
  </entry>
  <entry>
    <int>241</int>
    <point>
      <x>148.0</x>
      <y>488.0</y>
    </point>
  </entry>
  <entry>
    <int>198</int>
    <point>
      <x>219.0</x>
      <y>628.0</y>
    </point>
  </entry>
  <entry>
    <int>208</int>
    <point>
      <x>305.0</x>
      <y>651.0</y>
    </point>
  </entry>
  <entry>
    <int>144</int>
    <point>
      <x>337.0</x>
      <y>414.0</y>
    </point>
  </entry>
  <entry>
    <int>41</int>
    <point>
      <x>597.0</x>
      <y>206.0</y>
    </point>
  </entry>
  <entry>
    <int>97</int>
    <point>
      <x>409.0</x>
      <y>277.0</y>
    </point>
  </entry>
  <entry>
    <int>142</int>
    <point>
      <x>356.0</x>
      <y>376.0</y>
    </point>
  </entry>
  <entry>
    <int>83</int>
    <point>
      <x>545.0</x>
      <y>302.0</y>
    </point>
  </entry>
  <entry>
    <int>18</int>
    <point>
      <x>640.0</x>
      <y>128.0</y>
    </point>
  </entry>
  <entry>
    <int>162</int>
    <point>
      <x>191.0</x>
      <y>410.0</y>
    </point>
  </entry>
  <entry>
    <int>155</int>
    <point>
      <x>276.0</x>
      <y>432.0</y>
    </point>
  </entry>
  <entry>
    <int>103</int>
    <point>
      <x>413.0</x>
      <y>327.0</y>
    </point>
  </entry>
  <entry>
    <int>98</int>
    <point>
      <x>400.0</x>
      <y>297.0</y>
    </point>
  </entry>
  <entry>
    <int>44</int>
    <point>
      <x>532.0</x>
      <y>144.0</y>
    </point>
  </entry>
  <entry>
    <int>17</int>
    <point>
      <x>538.0</x>
      <y>45.0</y>
    </point>
  </entry>
  <entry>
    <int>205</int>
    <point>
      <x>336.0</x>
      <y>593.0</y>
    </point>
  </entry>
  <entry>
    <int>77</int>
    <point>
      <x>508.0</x>
      <y>281.0</y>
    </point>
  </entry>
  <entry>
    <int>156</int>
    <point>
      <x>265.0</x>
      <y>451.0</y>
    </point>
  </entry>
  <entry>
    <int>141</int>
    <point>
      <x>366.0</x>
      <y>357.0</y>
    </point>
  </entry>
  <entry>
    <int>165</int>
    <point>
      <x>207.0</x>
      <y>268.0</y>
    </point>
  </entry>
  <entry>
    <int>102</int>
    <point>
      <x>421.0</x>
      <y>309.0</y>
    </point>
  </entry>
  <entry>
    <int>84</int>
    <point>
      <x>534.0</x>
      <y>322.0</y>
    </point>
  </entry>
  <entry>
    <int>37</int>
    <point>
      <x>607.0</x>
      <y>186.0</y>
    </point>
  </entry>
  <entry>
    <int>101</int>
    <point>
      <x>443.0</x>
      <y>269.0</y>
    </point>
  </entry>
  <entry>
    <int>222</int>
    <point>
      <x>141.0</x>
      <y>686.0</y>
    </point>
  </entry>
  <entry>
    <int>40</int>
    <point>
      <x>559.0</x>
      <y>185.0</y>
    </point>
  </entry>
  <entry>
    <int>99</int>
    <point>
      <x>391.0</x>
      <y>316.0</y>
    </point>
  </entry>
  <entry>
    <int>104</int>
    <point>
      <x>438.0</x>
      <y>345.0</y>
    </point>
  </entry>
  <entry>
    <int>177</int>
    <point>
      <x>136.0</x>
      <y>353.0</y>
    </point>
  </entry>
  <entry>
    <int>182</int>
    <point>
      <x>307.0</x>
      <y>552.0</y>
    </point>
  </entry>
  <entry>
    <int>22</int>
    <point>
      <x>329.0</x>
      <y>513.0</y>
    </point>
  </entry>
  <entry>
    <int>180</int>
    <point>
      <x>100.0</x>
      <y>414.0</y>
    </point>
  </entry>
  <entry>
    <int>137</int>
    <point>
      <x>437.0</x>
      <y>496.0</y>
    </point>
  </entry>
  <entry>
    <int>21</int>
    <point>
      <x>339.0</x>
      <y>137.0</y>
    </point>
  </entry>
  <entry>
    <int>179</int>
    <point>
      <x>253.0</x>
      <y>294.0</y>
    </point>
  </entry>
  <entry>
    <int>78</int>
    <point>
      <x>495.0</x>
      <y>301.0</y>
    </point>
  </entry>
  <entry>
    <int>42</int>
    <point>
      <x>586.0</x>
      <y>225.0</y>
    </point>
  </entry>
  <entry>
    <int>178</int>
    <point>
      <x>125.0</x>
      <y>373.0</y>
    </point>
  </entry>
  <entry>
    <int>19</int>
    <point>
      <x>502.0</x>
      <y>25.0</y>
    </point>
  </entry>
  <entry>
    <int>183</int>
    <point>
      <x>298.0</x>
      <y>570.0</y>
    </point>
  </entry>
  <entry>
    <int>139</int>
    <point>
      <x>416.0</x>
      <y>535.0</y>
    </point>
  </entry>
  <entry>
    <int>218</int>
    <point>
      <x>342.0</x>
      <y>670.0</y>
    </point>
  </entry>
  <entry>
    <int>39</int>
    <point>
      <x>467.0</x>
      <y>82.0</y>
    </point>
  </entry>
  <entry>
    <int>219</int>
    <point>
      <x>331.0</x>
      <y>690.0</y>
    </point>
  </entry>
  <entry>
    <int>220</int>
    <point>
      <x>320.0</x>
      <y>708.0</y>
    </point>
  </entry>
  <entry>
    <int>20</int>
    <point>
      <x>453.0</x>
      <y>201.0</y>
    </point>
  </entry>
  <entry>
    <int>184</int>
    <point>
      <x>286.0</x>
      <y>589.0</y>
    </point>
  </entry>
  <entry>
    <int>217</int>
    <point>
      <x>352.0</x>
      <y>652.0</y>
    </point>
  </entry>
  <entry>
    <int>138</int>
    <point>
      <x>427.0</x>
      <y>516.0</y>
    </point>
  </entry>
  <entry>
    <int>62</int>
    <point>
      <x>415.0</x>
      <y>179.0</y>
    </point>
  </entry>
  <entry>
    <int>190</int>
    <point>
      <x>225.0</x>
      <y>705.0</y>
    </point>
  </entry>
  <entry>
    <int>235</int>
    <point>
      <x>161.0</x>
      <y>546.0</y>
    </point>
  </entry>
  <entry>
    <int>246</int>
    <point>
      <x>95.0</x>
      <y>584.0</y>
    </point>
  </entry>
  <entry>
    <int>171</int>
    <point>
      <x>180.0</x>
      <y>405.0</y>
    </point>
  </entry>
  <entry>
    <int>123</int>
    <point>
      <x>353.0</x>
      <y>473.0</y>
    </point>
  </entry>
  <entry>
    <int>113</int>
    <point>
      <x>329.0</x>
      <y>157.0</y>
    </point>
  </entry>
  <entry>
    <int>59</int>
    <point>
      <x>449.0</x>
      <y>122.0</y>
    </point>
  </entry>
  <entry>
    <int>118</int>
    <point>
      <x>404.0</x>
      <y>379.0</y>
    </point>
  </entry>
  <entry>
    <int>124</int>
    <point>
      <x>341.0</x>
      <y>492.0</y>
    </point>
  </entry>
  <entry>
    <int>225</int>
    <point>
      <x>223.0</x>
      <y>529.0</y>
    </point>
  </entry>
  <entry>
    <int>169</int>
    <point>
      <x>185.0</x>
      <y>356.0</y>
    </point>
  </entry>
  <entry>
    <int>117</int>
    <point>
      <x>287.0</x>
      <y>232.0</y>
    </point>
  </entry>
  <entry>
    <int>60</int>
    <point>
      <x>512.0</x>
      <y>183.0</y>
    </point>
  </entry>
  <entry>
    <int>1</int>
    <point>
      <x>127.0</x>
      <y>707.0</y>
    </point>
  </entry>
  <entry>
    <int>61</int>
    <point>
      <x>501.0</x>
      <y>201.0</y>
    </point>
  </entry>
  <entry>
    <int>189</int>
    <point>
      <x>234.0</x>
      <y>686.0</y>
    </point>
  </entry>
  <entry>
    <int>234</int>
    <point>
      <x>163.0</x>
      <y>523.0</y>
    </point>
  </entry>
  <entry>
    <int>122</int>
    <point>
      <x>362.0</x>
      <y>455.0</y>
    </point>
  </entry>
  <entry>
    <int>68</int>
    <point>
      <x>636.0</x>
      <y>48.0</y>
    </point>
  </entry>
  <entry>
    <int>58</int>
    <point>
      <x>436.0</x>
      <y>141.0</y>
    </point>
  </entry>
  <entry>
    <int>119</int>
    <point>
      <x>393.0</x>
      <y>398.0</y>
    </point>
  </entry>
  <entry>
    <int>63</int>
    <point>
      <x>415.0</x>
      <y>4.0</y>
    </point>
  </entry>
  <entry>
    <int>226</int>
    <point>
      <x>211.0</x>
      <y>548.0</y>
    </point>
  </entry>
  <entry>
    <int>3</int>
    <point>
      <x>232.0</x>
      <y>461.0</y>
    </point>
  </entry>
  <entry>
    <int>172</int>
    <point>
      <x>189.0</x>
      <y>257.0</y>
    </point>
  </entry>
  <entry>
    <int>245</int>
    <point>
      <x>106.0</x>
      <y>566.0</y>
    </point>
  </entry>
  <entry>
    <int>181</int>
    <point>
      <x>317.0</x>
      <y>533.0</y>
    </point>
  </entry>
  <entry>
    <int>191</int>
    <point>
      <x>214.0</x>
      <y>723.0</y>
    </point>
  </entry>
  <entry>
    <int>64</int>
    <point>
      <x>405.0</x>
      <y>22.0</y>
    </point>
  </entry>
  <entry>
    <int>2</int>
    <point>
      <x>69.0</x>
      <y>420.0</y>
    </point>
  </entry>
  <entry>
    <int>192</int>
    <point>
      <x>282.0</x>
      <y>512.0</y>
    </point>
  </entry>
  <entry>
    <int>248</int>
    <point>
      <x>74.0</x>
      <y>623.0</y>
    </point>
  </entry>
  <entry>
    <int>121</int>
    <point>
      <x>373.0</x>
      <y>435.0</y>
    </point>
  </entry>
  <entry>
    <int>57</int>
    <point>
      <x>427.0</x>
      <y>161.0</y>
    </point>
  </entry>
  <entry>
    <int>247</int>
    <point>
      <x>85.0</x>
      <y>604.0</y>
    </point>
  </entry>
  <entry>
    <int>120</int>
    <point>
      <x>382.0</x>
      <y>415.0</y>
    </point>
  </entry>
  <entry>
    <int>200</int>
    <point>
      <x>196.0</x>
      <y>666.0</y>
    </point>
  </entry>
  <entry>
    <int>163</int>
    <point>
      <x>213.0</x>
      <y>247.0</y>
    </point>
  </entry>
  <entry>
    <int>136</int>
    <point>
      <x>447.0</x>
      <y>477.0</y>
    </point>
  </entry>
  <entry>
    <int>126</int>
    <point>
      <x>431.0</x>
      <y>419.0</y>
    </point>
  </entry>
  <entry>
    <int>199</int>
    <point>
      <x>207.0</x>
      <y>646.0</y>
    </point>
  </entry>
  <entry>
    <int>7</int>
    <point>
      <x>458.0</x>
      <y>380.0</y>
    </point>
  </entry>
  <entry>
    <int>54</int>
    <point>
      <x>485.0</x>
      <y>142.0</y>
    </point>
  </entry>
  <entry>
    <int>161</int>
    <point>
      <x>201.0</x>
      <y>390.0</y>
    </point>
  </entry>
  <entry>
    <int>244</int>
    <point>
      <x>115.0</x>
      <y>546.0</y>
    </point>
  </entry>
  <entry>
    <int>105</int>
    <point>
      <x>451.0</x>
      <y>250.0</y>
    </point>
  </entry>
  <entry>
    <int>53</int>
    <point>
      <x>496.0</x>
      <y>124.0</y>
    </point>
  </entry>
  <entry>
    <int>65</int>
    <point>
      <x>394.0</x>
      <y>42.0</y>
    </point>
  </entry>
  <entry>
    <int>233</int>
    <point>
      <x>167.0</x>
      <y>498.0</y>
    </point>
  </entry>
  <entry>
    <int>6</int>
    <point>
      <x>415.0</x>
      <y>354.0</y>
    </point>
  </entry>
  <entry>
    <int>116</int>
    <point>
      <x>297.0</x>
      <y>214.0</y>
    </point>
  </entry>
  <entry>
    <int>243</int>
    <point>
      <x>128.0</x>
      <y>528.0</y>
    </point>
  </entry>
  <entry>
    <int>125</int>
    <point>
      <x>442.0</x>
      <y>400.0</y>
    </point>
  </entry>
  <entry>
    <int>115</int>
    <point>
      <x>308.0</x>
      <y>197.0</y>
    </point>
  </entry>
  <entry>
    <int>239</int>
    <point>
      <x>148.0</x>
      <y>639.0</y>
    </point>
  </entry>
  <entry>
    <int>4</int>
    <point>
      <x>143.0</x>
      <y>408.0</y>
    </point>
  </entry>
  <entry>
    <int>242</int>
    <point>
      <x>137.0</x>
      <y>507.0</y>
    </point>
  </entry>
  <entry>
    <int>114</int>
    <point>
      <x>319.0</x>
      <y>176.0</y>
    </point>
  </entry>
  <entry>
    <int>55</int>
    <point>
      <x>475.0</x>
      <y>162.0</y>
    </point>
  </entry>
  <entry>
    <int>127</int>
    <point>
      <x>422.0</x>
      <y>438.0</y>
    </point>
  </entry>
  <entry>
    <int>67</int>
    <point>
      <x>373.0</x>
      <y>79.0</y>
    </point>
  </entry>
  <entry>
    <int>76</int>
    <point>
      <x>519.0</x>
      <y>263.0</y>
    </point>
  </entry>
  <entry>
    <int>236</int>
    <point>
      <x>158.0</x>
      <y>569.0</y>
    </point>
  </entry>
  <entry>
    <int>45</int>
    <point>
      <x>538.0</x>
      <y>223.0</y>
    </point>
  </entry>
  <entry>
    <int>128</int>
    <point>
      <x>410.0</x>
      <y>457.0</y>
    </point>
  </entry>
  <entry>
    <int>237</int>
    <point>
      <x>154.0</x>
      <y>593.0</y>
    </point>
  </entry>
  <entry>
    <int>197</int>
    <point>
      <x>228.0</x>
      <y>608.0</y>
    </point>
  </entry>
  <entry>
    <int>238</int>
    <point>
      <x>149.0</x>
      <y>614.0</y>
    </point>
  </entry>
  <entry>
    <int>164</int>
    <point>
      <x>198.0</x>
      <y>240.0</y>
    </point>
  </entry>
  <entry>
    <int>56</int>
    <point>
      <x>464.0</x>
      <y>181.0</y>
    </point>
  </entry>
  <entry>
    <int>5</int>
    <point>
      <x>179.0</x>
      <y>431.0</y>
    </point>
  </entry>
  <entry>
    <int>15</int>
    <point>
      <x>564.0</x>
      <y>86.0</y>
    </point>
  </entry>
  <entry>
    <int>107</int>
    <point>
      <x>395.0</x>
      <y>218.0</y>
    </point>
  </entry>
  <entry>
    <int>48</int>
    <point>
      <x>550.0</x>
      <y>205.0</y>
    </point>
  </entry>
  <entry>
    <int>112</int>
    <point>
      <x>340.0</x>
      <y>317.0</y>
    </point>
  </entry>
  <entry>
    <int>251</int>
    <point>
      <x>80.0</x>
      <y>451.0</y>
    </point>
  </entry>
  <entry>
    <int>240</int>
    <point>
      <x>158.0</x>
      <y>468.0</y>
    </point>
  </entry>
  <entry>
    <int>230</int>
    <point>
      <x>170.0</x>
      <y>627.0</y>
    </point>
  </entry>
  <entry>
    <int>187</int>
    <point>
      <x>257.0</x>
      <y>647.0</y>
    </point>
  </entry>
  <entry>
    <int>176</int>
    <point>
      <x>146.0</x>
      <y>335.0</y>
    </point>
  </entry>
  <entry>
    <int>73</int>
    <point>
      <x>551.0</x>
      <y>25.0</y>
    </point>
  </entry>
  <entry>
    <int>129</int>
    <point>
      <x>401.0</x>
      <y>475.0</y>
    </point>
  </entry>
  <entry>
    <int>188</int>
    <point>
      <x>245.0</x>
      <y>666.0</y>
    </point>
  </entry>
  <entry>
    <int>252</int>
    <point>
      <x>70.0</x>
      <y>470.0</y>
    </point>
  </entry>
  <entry>
    <int>70</int>
    <point>
      <x>587.0</x>
      <y>43.0</y>
    </point>
  </entry>
  <entry>
    <int>106</int>
    <point>
      <x>405.0</x>
      <y>199.0</y>
    </point>
  </entry>
  <entry>
    <int>14</int>
    <point>
      <x>489.0</x>
      <y>221.0</y>
    </point>
  </entry>
  <entry>
    <int>131</int>
    <point>
      <x>378.0</x>
      <y>513.0</y>
    </point>
  </entry>
  <entry>
    <int>47</int>
    <point>
      <x>565.0</x>
      <y>263.0</y>
    </point>
  </entry>
  <entry>
    <int>210</int>
    <point>
      <x>282.0</x>
      <y>689.0</y>
    </point>
  </entry>
  <entry>
    <int>75</int>
    <point>
      <x>662.0</x>
      <y>87.0</y>
    </point>
  </entry>
  <entry>
    <int>186</int>
    <point>
      <x>266.0</x>
      <y>628.0</y>
    </point>
  </entry>
  <entry>
    <int>231</int>
    <point>
      <x>174.0</x>
      <y>454.0</y>
    </point>
  </entry>
  <entry>
    <int>250</int>
    <point>
      <x>146.0</x>
      <y>659.0</y>
    </point>
  </entry>
  <entry>
    <int>175</int>
    <point>
      <x>156.0</x>
      <y>315.0</y>
    </point>
  </entry>
  <entry>
    <int>209</int>
    <point>
      <x>293.0</x>
      <y>670.0</y>
    </point>
  </entry>
  <entry>
    <int>130</int>
    <point>
      <x>389.0</x>
      <y>494.0</y>
    </point>
  </entry>
  <entry>
    <int>66</int>
    <point>
      <x>383.0</x>
      <y>61.0</y>
    </point>
  </entry>
  <entry>
    <int>12</int>
    <point>
      <x>489.0</x>
      <y>47.0</y>
    </point>
  </entry>
  <entry>
    <int>264</int>
    <point>
      <x>715.0</x>
      <y>115.0</y>
    </point>
  </entry>
  <entry>
    <int>13</int>
    <point>
      <x>674.0</x>
      <y>67.0</y>
    </point>
  </entry>
  <entry>
    <int>229</int>
    <point>
      <x>180.0</x>
      <y>604.0</y>
    </point>
  </entry>
  <entry>
    <int>228</int>
    <point>
      <x>192.0</x>
      <y>587.0</y>
    </point>
  </entry>
  <entry>
    <int>185</int>
    <point>
      <x>276.0</x>
      <y>609.0</y>
    </point>
  </entry>
  <entry>
    <int>249</int>
    <point>
      <x>63.0</x>
      <y>643.0</y>
    </point>
  </entry>
  <entry>
    <int>227</int>
    <point>
      <x>203.0</x>
      <y>568.0</y>
    </point>
  </entry>
  <entry>
    <int>215</int>
    <point>
      <x>373.0</x>
      <y>614.0</y>
    </point>
  </entry>
  <entry>
    <int>254</int>
    <point>
      <x>51.0</x>
      <y>509.0</y>
    </point>
  </entry>
  <entry>
    <int>51</int>
    <point>
      <x>652.0</x>
      <y>106.0</y>
    </point>
  </entry>
  <entry>
    <int>151</int>
    <point>
      <x>319.0</x>
      <y>355.0</y>
    </point>
  </entry>
  <entry>
    <int>8</int>
    <point>
      <x>212.0</x>
      <y>221.0</y>
    </point>
  </entry>
  <entry>
    <int>72</int>
    <point>
      <x>561.0</x>
      <y>6.0</y>
    </point>
  </entry>
  <entry>
    <int>135</int>
    <point>
      <x>458.0</x>
      <y>458.0</y>
    </point>
  </entry>
  <entry>
    <int>71</int>
    <point>
      <x>625.0</x>
      <y>64.0</y>
    </point>
  </entry>
  <entry>
    <int>49</int>
    <point>
      <x>528.0</x>
      <y>243.0</y>
    </point>
  </entry>
  <entry>
    <int>134</int>
    <point>
      <x>469.0</x>
      <y>439.0</y>
    </point>
  </entry>
  <entry>
    <int>9</int>
    <point>
      <x>367.0</x>
      <y>116.0</y>
    </point>
  </entry>
  <entry>
    <int>147</int>
    <point>
      <x>304.0</x>
      <y>473.0</y>
    </point>
  </entry>
  <entry>
    <int>253</int>
    <point>
      <x>60.0</x>
      <y>488.0</y>
    </point>
  </entry>
  <entry>
    <int>216</int>
    <point>
      <x>362.0</x>
      <y>633.0</y>
    </point>
  </entry>
  <entry>
    <int>211</int>
    <point>
      <x>273.0</x>
      <y>707.0</y>
    </point>
  </entry>
  <entry>
    <int>152</int>
    <point>
      <x>308.0</x>
      <y>374.0</y>
    </point>
  </entry>
  <entry>
    <int>52</int>
    <point>
      <x>506.0</x>
      <y>103.0</y>
    </point>
  </entry>
  <entry>
    <int>170</int>
    <point>
      <x>184.0</x>
      <y>380.0</y>
    </point>
  </entry>
  <entry>
    <int>111</int>
    <point>
      <x>351.0</x>
      <y>295.0</y>
    </point>
  </entry>
  <entry>
    <int>90</int>
    <point>
      <x>469.0</x>
      <y>260.0</y>
    </point>
  </entry>
  <entry>
    <int>11</int>
    <point>
      <x>457.0</x>
      <y>103.0</y>
    </point>
  </entry>
  <entry>
    <int>50</int>
    <point>
      <x>522.0</x>
      <y>164.0</y>
    </point>
  </entry>
  <entry>
    <int>255</int>
    <point>
      <x>39.0</x>
      <y>528.0</y>
    </point>
  </entry>
  <entry>
    <int>91</int>
    <point>
      <x>458.0</x>
      <y>281.0</y>
    </point>
  </entry>
  <entry>
    <int>148</int>
    <point>
      <x>292.0</x>
      <y>492.0</y>
    </point>
  </entry>
  <entry>
    <int>173</int>
    <point>
      <x>178.0</x>
      <y>275.0</y>
    </point>
  </entry>
  <entry>
    <int>256</int>
    <point>
      <x>29.0</x>
      <y>548.0</y>
    </point>
  </entry>
  <entry>
    <int>109</int>
    <point>
      <x>372.0</x>
      <y>256.0</y>
    </point>
  </entry>
  <entry>
    <int>92</int>
    <point>
      <x>433.0</x>
      <y>290.0</y>
    </point>
  </entry>
  <entry>
    <int>89</int>
    <point>
      <x>479.0</x>
      <y>241.0</y>
    </point>
  </entry>
  <entry>
    <int>133</int>
    <point>
      <x>479.0</x>
      <y>419.0</y>
    </point>
  </entry>
  <entry>
    <int>110</int>
    <point>
      <x>363.0</x>
      <y>276.0</y>
    </point>
  </entry>
  <entry>
    <int>174</int>
    <point>
      <x>167.0</x>
      <y>295.0</y>
    </point>
  </entry>
  <entry>
    <int>10</int>
    <point>
      <x>370.0</x>
      <y>156.0</y>
    </point>
  </entry>
  <entry>
    <int>69</int>
    <point>
      <x>598.0</x>
      <y>26.0</y>
    </point>
  </entry>
</map>