<map>
  <entry>
    <int>4</int>
    <string>Macy&apos;s</string>
  </entry>
  <entry>
    <int>8</int>
    <string>Times Square</string>
  </entry>
  <entry>
    <int>11</int>
    <string>Museum of Modern Art</string>
  </entry>
  <entry>
    <int>3</int>
    <string>Empire State Building</string>
  </entry>
  <entry>
    <int>7</int>
    <string>Chrysler Building</string>
  </entry>
  <entry>
    <int>12</int>
    <string>Trump Tower</string>
  </entry>
  <entry>
    <int>2</int>
    <string>Madison Square Garden</string>
  </entry>
  <entry>
    <int>13</int>
    <string>Bloomingdale&apos;s</string>
  </entry>
  <entry>
    <int>9</int>
    <string>Radio City Music Hall</string>
  </entry>
  <entry>
    <int>6</int>
    <string>Grand Central Station</string>
  </entry>
  <entry>
    <int>1</int>
    <string>Flatiron Building</string>
  </entry>
  <entry>
    <int>14</int>
    <string>Waldorf Astoria</string>
  </entry>
  <entry>
    <int>10</int>
    <string>Rockefeller Center</string>
  </entry>
  <entry>
    <int>5</int>
    <string>Herald Square</string>
  </entry>
</map>