<map>
  <entry>
    <int>30</int>
    <list>
      <int>27</int>
      <int>18</int>
    </list>
  </entry>
  <entry>
    <int>214</int>
    <list>
      <int>213</int>
    </list>
  </entry>
  <entry>
    <int>158</int>
    <list>
      <int>157</int>
      <int>167</int>
    </list>
  </entry>
  <entry>
    <int>31</int>
    <list>
      <int>34</int>
      <int>43</int>
    </list>
  </entry>
  <entry>
    <int>95</int>
    <list>
      <int>107</int>
      <int>94</int>
    </list>
  </entry>
  <entry>
    <int>223</int>
    <list>
      <int>224</int>
      <int>231</int>
    </list>
  </entry>
  <entry>
    <int>213</int>
    <list>
      <int>203</int>
      <int>140</int>
    </list>
  </entry>
  <entry>
    <int>86</int>
    <list>
      <int>85</int>
    </list>
  </entry>
  <entry>
    <int>159</int>
    <list>
      <int>158</int>
      <int>153</int>
    </list>
  </entry>
  <entry>
    <int>34</int>
    <list>
      <int>30</int>
    </list>
  </entry>
  <entry>
    <int>32</int>
    <list>
      <int>31</int>
      <int>44</int>
      <int>33</int>
    </list>
  </entry>
  <entry>
    <int>96</int>
    <list>
      <int>95</int>
      <int>101</int>
    </list>
  </entry>
  <entry>
    <int>224</int>
    <list>
      <int>193</int>
      <int>225</int>
    </list>
  </entry>
  <entry>
    <int>160</int>
    <list>
      <int>169</int>
      <int>159</int>
    </list>
  </entry>
  <entry>
    <int>85</int>
    <list>
      <int>84</int>
      <int>79</int>
    </list>
  </entry>
  <entry>
    <int>201</int>
    <list>
      <int>190</int>
      <int>200</int>
    </list>
  </entry>
  <entry>
    <int>29</int>
    <list>
      <int>27</int>
      <int>18</int>
    </list>
  </entry>
  <entry>
    <int>157</int>
    <list>
      <int>151</int>
      <int>179</int>
    </list>
  </entry>
  <entry>
    <int>257</int>
    <list>
      <int>258</int>
    </list>
  </entry>
  <entry>
    <int>100</int>
    <list>
      <int>6</int>
      <int>99</int>
      <int>112</int>
    </list>
  </entry>
  <entry>
    <int>146</int>
    <list>
      <int>145</int>
      <int>123</int>
    </list>
  </entry>
  <entry>
    <int>82</int>
    <list>
      <int>47</int>
    </list>
  </entry>
  <entry>
    <int>258</int>
    <list>
      <int>248</int>
      <int>259</int>
    </list>
  </entry>
  <entry>
    <int>203</int>
    <list>
      <int>181</int>
      <int>204</int>
    </list>
  </entry>
  <entry>
    <int>145</int>
    <list>
      <int>144</int>
      <int>154</int>
    </list>
  </entry>
  <entry>
    <int>194</int>
    <list>
      <int>193</int>
      <int>225</int>
    </list>
  </entry>
  <entry>
    <int>140</int>
    <list>
      <int>139</int>
      <int>132</int>
    </list>
  </entry>
  <entry>
    <int>81</int>
    <list>
      <int>7</int>
    </list>
  </entry>
  <entry>
    <int>27</int>
    <list>
      <int>31</int>
      <int>33</int>
    </list>
  </entry>
  <entry>
    <int>259</int>
    <list/>
  </entry>
  <entry>
    <int>166</int>
    <list>
      <int>157</int>
      <int>167</int>
    </list>
  </entry>
  <entry>
    <int>212</int>
    <list/>
  </entry>
  <entry>
    <int>28</int>
    <list>
      <int>51</int>
      <int>29</int>
      <int>35</int>
    </list>
  </entry>
  <entry>
    <int>38</int>
    <list>
      <int>39</int>
      <int>64</int>
    </list>
  </entry>
  <entry>
    <int>232</int>
    <list>
      <int>224</int>
      <int>233</int>
    </list>
  </entry>
  <entry>
    <int>94</int>
    <list>
      <int>20</int>
      <int>89</int>
    </list>
  </entry>
  <entry>
    <int>168</int>
    <list>
      <int>169</int>
      <int>159</int>
    </list>
  </entry>
  <entry>
    <int>262</int>
    <list>
      <int>264</int>
    </list>
  </entry>
  <entry>
    <int>23</int>
    <list>
      <int>4</int>
      <int>180</int>
    </list>
  </entry>
  <entry>
    <int>87</int>
    <list>
      <int>86</int>
      <int>81</int>
    </list>
  </entry>
  <entry>
    <int>263</int>
    <list>
      <int>51</int>
    </list>
  </entry>
  <entry>
    <int>150</int>
    <list>
      <int>151</int>
      <int>141</int>
    </list>
  </entry>
  <entry>
    <int>35</int>
    <list>
      <int>17</int>
      <int>28</int>
      <int>70</int>
      <int>15</int>
    </list>
  </entry>
  <entry>
    <int>149</int>
    <list>
      <int>223</int>
      <int>3</int>
    </list>
  </entry>
  <entry>
    <int>193</int>
    <list>
      <int>182</int>
      <int>192</int>
    </list>
  </entry>
  <entry>
    <int>33</int>
    <list>
      <int>32</int>
      <int>16</int>
      <int>15</int>
    </list>
  </entry>
  <entry>
    <int>260</int>
    <list>
      <int>67</int>
    </list>
  </entry>
  <entry>
    <int>132</int>
    <list>
      <int>22</int>
      <int>203</int>
      <int>140</int>
    </list>
  </entry>
  <entry>
    <int>206</int>
    <list>
      <int>216</int>
      <int>207</int>
    </list>
  </entry>
  <entry>
    <int>93</int>
    <list>
      <int>92</int>
    </list>
  </entry>
  <entry>
    <int>196</int>
    <list>
      <int>227</int>
      <int>195</int>
    </list>
  </entry>
  <entry>
    <int>24</int>
    <list>
      <int>251</int>
      <int>240</int>
      <int>2</int>
    </list>
  </entry>
  <entry>
    <int>88</int>
    <list>
      <int>7</int>
      <int>87</int>
    </list>
  </entry>
  <entry>
    <int>195</int>
    <list>
      <int>194</int>
      <int>184</int>
    </list>
  </entry>
  <entry>
    <int>36</int>
    <list>
      <int>17</int>
      <int>15</int>
    </list>
  </entry>
  <entry>
    <int>26</int>
    <list>
      <int>117</int>
      <int>8</int>
    </list>
  </entry>
  <entry>
    <int>154</int>
    <list>
      <int>155</int>
      <int>160</int>
    </list>
  </entry>
  <entry>
    <int>167</int>
    <list>
      <int>168</int>
      <int>174</int>
    </list>
  </entry>
  <entry>
    <int>108</int>
    <list>
      <int>109</int>
      <int>96</int>
    </list>
  </entry>
  <entry>
    <int>204</int>
    <list>
      <int>214</int>
      <int>205</int>
    </list>
  </entry>
  <entry>
    <int>74</int>
    <list>
      <int>19</int>
      <int>73</int>
    </list>
  </entry>
  <entry>
    <int>261</int>
    <list>
      <int>9</int>
      <int>57</int>
    </list>
  </entry>
  <entry>
    <int>46</int>
    <list>
      <int>42</int>
    </list>
  </entry>
  <entry>
    <int>25</int>
    <list>
      <int>26</int>
      <int>163</int>
      <int>112</int>
    </list>
  </entry>
  <entry>
    <int>153</int>
    <list>
      <int>144</int>
      <int>154</int>
    </list>
  </entry>
  <entry>
    <int>202</int>
    <list>
      <int>201</int>
      <int>222</int>
      <int>191</int>
    </list>
  </entry>
  <entry>
    <int>79</int>
    <list>
      <int>80</int>
      <int>93</int>
    </list>
  </entry>
  <entry>
    <int>207</int>
    <list>
      <int>185</int>
      <int>208</int>
    </list>
  </entry>
  <entry>
    <int>143</int>
    <list>
      <int>142</int>
      <int>152</int>
    </list>
  </entry>
  <entry>
    <int>43</int>
    <list>
      <int>44</int>
      <int>40</int>
    </list>
  </entry>
  <entry>
    <int>16</int>
    <list>
      <int>36</int>
      <int>38</int>
    </list>
  </entry>
  <entry>
    <int>80</int>
    <list>
      <int>86</int>
      <int>81</int>
    </list>
  </entry>
  <entry>
    <int>241</int>
    <list>
      <int>251</int>
      <int>240</int>
    </list>
  </entry>
  <entry>
    <int>198</int>
    <list>
      <int>197</int>
      <int>229</int>
    </list>
  </entry>
  <entry>
    <int>208</int>
    <list>
      <int>218</int>
      <int>209</int>
    </list>
  </entry>
  <entry>
    <int>144</int>
    <list>
      <int>143</int>
      <int>121</int>
    </list>
  </entry>
  <entry>
    <int>41</int>
    <list>
      <int>37</int>
    </list>
  </entry>
  <entry>
    <int>97</int>
    <list>
      <int>109</int>
      <int>96</int>
    </list>
  </entry>
  <entry>
    <int>142</int>
    <list>
      <int>119</int>
      <int>141</int>
    </list>
  </entry>
  <entry>
    <int>83</int>
    <list>
      <int>82</int>
      <int>77</int>
    </list>
  </entry>
  <entry>
    <int>18</int>
    <list>
      <int>51</int>
    </list>
  </entry>
  <entry>
    <int>162</int>
    <list>
      <int>171</int>
      <int>161</int>
    </list>
  </entry>
  <entry>
    <int>155</int>
    <list>
      <int>146</int>
      <int>156</int>
    </list>
  </entry>
  <entry>
    <int>103</int>
    <list>
      <int>6</int>
      <int>99</int>
    </list>
  </entry>
  <entry>
    <int>98</int>
    <list>
      <int>97</int>
      <int>102</int>
    </list>
  </entry>
  <entry>
    <int>44</int>
    <list>
      <int>53</int>
      <int>50</int>
      <int>32</int>
    </list>
  </entry>
  <entry>
    <int>17</int>
    <list>
      <int>19</int>
      <int>35</int>
      <int>73</int>
    </list>
  </entry>
  <entry>
    <int>205</int>
    <list>
      <int>183</int>
      <int>206</int>
    </list>
  </entry>
  <entry>
    <int>77</int>
    <list>
      <int>78</int>
      <int>90</int>
    </list>
  </entry>
  <entry>
    <int>156</int>
    <list>
      <int>162</int>
      <int>149</int>
    </list>
  </entry>
  <entry>
    <int>141</int>
    <list>
      <int>118</int>
      <int>100</int>
    </list>
  </entry>
  <entry>
    <int>165</int>
    <list>
      <int>166</int>
      <int>172</int>
    </list>
  </entry>
  <entry>
    <int>102</int>
    <list>
      <int>103</int>
    </list>
  </entry>
  <entry>
    <int>84</int>
    <list>
      <int>83</int>
    </list>
  </entry>
  <entry>
    <int>37</int>
    <list>
      <int>34</int>
      <int>43</int>
    </list>
  </entry>
  <entry>
    <int>101</int>
    <list>
      <int>105</int>
      <int>91</int>
    </list>
  </entry>
  <entry>
    <int>222</int>
    <list>
      <int>249</int>
      <int>1</int>
    </list>
  </entry>
  <entry>
    <int>40</int>
    <list>
      <int>48</int>
      <int>41</int>
    </list>
  </entry>
  <entry>
    <int>99</int>
    <list>
      <int>98</int>
      <int>111</int>
    </list>
  </entry>
  <entry>
    <int>104</int>
    <list>
      <int>93</int>
    </list>
  </entry>
  <entry>
    <int>177</int>
    <list>
      <int>170</int>
      <int>178</int>
    </list>
  </entry>
  <entry>
    <int>182</int>
    <list>
      <int>183</int>
      <int>181</int>
      <int>204</int>
    </list>
  </entry>
  <entry>
    <int>22</int>
    <list>
      <int>181</int>
      <int>148</int>
      <int>124</int>
      <int>132</int>
    </list>
  </entry>
  <entry>
    <int>180</int>
    <list>
      <int>24</int>
    </list>
  </entry>
  <entry>
    <int>137</int>
    <list>
      <int>136</int>
      <int>129</int>
    </list>
  </entry>
  <entry>
    <int>21</int>
    <list>
      <int>261</int>
    </list>
  </entry>
  <entry>
    <int>179</int>
    <list>
      <int>165</int>
      <int>25</int>
    </list>
  </entry>
  <entry>
    <int>78</int>
    <list>
      <int>84</int>
      <int>79</int>
    </list>
  </entry>
  <entry>
    <int>42</int>
    <list>
      <int>48</int>
      <int>41</int>
    </list>
  </entry>
  <entry>
    <int>178</int>
    <list>
      <int>23</int>
    </list>
  </entry>
  <entry>
    <int>19</int>
    <list>
      <int>17</int>
      <int>12</int>
    </list>
  </entry>
  <entry>
    <int>183</int>
    <list>
      <int>194</int>
      <int>182</int>
      <int>184</int>
    </list>
  </entry>
  <entry>
    <int>139</int>
    <list>
      <int>138</int>
      <int>131</int>
    </list>
  </entry>
  <entry>
    <int>218</int>
    <list>
      <int>217</int>
    </list>
  </entry>
  <entry>
    <int>39</int>
    <list>
      <int>11</int>
      <int>52</int>
    </list>
  </entry>
  <entry>
    <int>219</int>
    <list>
      <int>218</int>
      <int>209</int>
    </list>
  </entry>
  <entry>
    <int>220</int>
    <list>
      <int>219</int>
    </list>
  </entry>
  <entry>
    <int>20</int>
    <list>
      <int>56</int>
      <int>62</int>
    </list>
  </entry>
  <entry>
    <int>184</int>
    <list>
      <int>183</int>
      <int>185</int>
      <int>206</int>
    </list>
  </entry>
  <entry>
    <int>217</int>
    <list>
      <int>216</int>
      <int>207</int>
    </list>
  </entry>
  <entry>
    <int>138</int>
    <list>
      <int>137</int>
    </list>
  </entry>
  <entry>
    <int>62</int>
    <list>
      <int>10</int>
      <int>106</int>
    </list>
  </entry>
  <entry>
    <int>190</int>
    <list>
      <int>189</int>
      <int>212</int>
      <int>191</int>
    </list>
  </entry>
  <entry>
    <int>235</int>
    <list>
      <int>243</int>
      <int>236</int>
    </list>
  </entry>
  <entry>
    <int>246</int>
    <list>
      <int>238</int>
      <int>245</int>
    </list>
  </entry>
  <entry>
    <int>171</int>
    <list>
      <int>5</int>
      <int>178</int>
    </list>
  </entry>
  <entry>
    <int>123</int>
    <list>
      <int>124</int>
      <int>122</int>
      <int>130</int>
    </list>
  </entry>
  <entry>
    <int>113</int>
    <list>
      <int>21</int>
      <int>106</int>
    </list>
  </entry>
  <entry>
    <int>59</int>
    <list>
      <int>58</int>
      <int>54</int>
    </list>
  </entry>
  <entry>
    <int>118</int>
    <list>
      <int>125</int>
      <int>6</int>
      <int>119</int>
    </list>
  </entry>
  <entry>
    <int>124</int>
    <list>
      <int>22</int>
      <int>147</int>
      <int>123</int>
    </list>
  </entry>
  <entry>
    <int>225</int>
    <list>
      <int>233</int>
      <int>226</int>
    </list>
  </entry>
  <entry>
    <int>169</int>
    <list>
      <int>170</int>
      <int>176</int>
    </list>
  </entry>
  <entry>
    <int>117</int>
    <list>
      <int>116</int>
      <int>110</int>
    </list>
  </entry>
  <entry>
    <int>60</int>
    <list>
      <int>50</int>
      <int>55</int>
      <int>61</int>
    </list>
  </entry>
  <entry>
    <int>1</int>
    <list>
      <int>222</int>
    </list>
  </entry>
  <entry>
    <int>61</int>
    <list>
      <int>14</int>
      <int>45</int>
      <int>60</int>
    </list>
  </entry>
  <entry>
    <int>189</int>
    <list>
      <int>188</int>
      <int>190</int>
      <int>200</int>
    </list>
  </entry>
  <entry>
    <int>234</int>
    <list>
      <int>235</int>
      <int>226</int>
    </list>
  </entry>
  <entry>
    <int>122</int>
    <list>
      <int>145</int>
      <int>121</int>
      <int>123</int>
    </list>
  </entry>
  <entry>
    <int>68</int>
    <list>
      <int>71</int>
      <int>13</int>
    </list>
  </entry>
  <entry>
    <int>58</int>
    <list>
      <int>260</int>
      <int>57</int>
    </list>
  </entry>
  <entry>
    <int>119</int>
    <list>
      <int>126</int>
      <int>118</int>
      <int>120</int>
    </list>
  </entry>
  <entry>
    <int>63</int>
    <list>
      <int>12</int>
    </list>
  </entry>
  <entry>
    <int>226</int>
    <list>
      <int>227</int>
      <int>195</int>
    </list>
  </entry>
  <entry>
    <int>3</int>
    <list>
      <int>5</int>
      <int>149</int>
    </list>
  </entry>
  <entry>
    <int>172</int>
    <list>
      <int>173</int>
    </list>
  </entry>
  <entry>
    <int>245</int>
    <list>
      <int>255</int>
      <int>244</int>
    </list>
  </entry>
  <entry>
    <int>181</int>
    <list>
      <int>182</int>
      <int>192</int>
    </list>
  </entry>
  <entry>
    <int>191</int>
    <list>
      <int>202</int>
      <int>190</int>
    </list>
  </entry>
  <entry>
    <int>64</int>
    <list>
      <int>63</int>
    </list>
  </entry>
  <entry>
    <int>2</int>
    <list>
      <int>24</int>
    </list>
  </entry>
  <entry>
    <int>192</int>
    <list>
      <int>148</int>
      <int>223</int>
    </list>
  </entry>
  <entry>
    <int>248</int>
    <list>
      <int>247</int>
      <int>250</int>
    </list>
  </entry>
  <entry>
    <int>121</int>
    <list>
      <int>122</int>
      <int>128</int>
      <int>120</int>
    </list>
  </entry>
  <entry>
    <int>57</int>
    <list>
      <int>56</int>
      <int>62</int>
    </list>
  </entry>
  <entry>
    <int>247</int>
    <list>
      <int>246</int>
      <int>257</int>
    </list>
  </entry>
  <entry>
    <int>120</int>
    <list>
      <int>143</int>
      <int>119</int>
      <int>121</int>
    </list>
  </entry>
  <entry>
    <int>200</int>
    <list>
      <int>199</int>
    </list>
  </entry>
  <entry>
    <int>163</int>
    <list>
      <int>165</int>
    </list>
  </entry>
  <entry>
    <int>136</int>
    <list>
      <int>135</int>
    </list>
  </entry>
  <entry>
    <int>126</int>
    <list>
      <int>134</int>
      <int>127</int>
    </list>
  </entry>
  <entry>
    <int>199</int>
    <list>
      <int>188</int>
      <int>198</int>
    </list>
  </entry>
  <entry>
    <int>7</int>
    <list>
      <int>88</int>
      <int>125</int>
      <int>6</int>
    </list>
  </entry>
  <entry>
    <int>54</int>
    <list>
      <int>53</int>
      <int>50</int>
    </list>
  </entry>
  <entry>
    <int>161</int>
    <list>
      <int>155</int>
      <int>160</int>
    </list>
  </entry>
  <entry>
    <int>244</int>
    <list>
      <int>243</int>
      <int>236</int>
    </list>
  </entry>
  <entry>
    <int>105</int>
    <list>
      <int>95</int>
    </list>
  </entry>
  <entry>
    <int>53</int>
    <list>
      <int>11</int>
      <int>52</int>
    </list>
  </entry>
  <entry>
    <int>65</int>
    <list>
      <int>39</int>
      <int>64</int>
    </list>
  </entry>
  <entry>
    <int>233</int>
    <list>
      <int>234</int>
      <int>241</int>
    </list>
  </entry>
  <entry>
    <int>6</int>
    <list>
      <int>7</int>
      <int>104</int>
      <int>118</int>
      <int>100</int>
    </list>
  </entry>
  <entry>
    <int>116</int>
    <list>
      <int>115</int>
    </list>
  </entry>
  <entry>
    <int>243</int>
    <list>
      <int>242</int>
      <int>253</int>
    </list>
  </entry>
  <entry>
    <int>125</int>
    <list>
      <int>133</int>
      <int>126</int>
    </list>
  </entry>
  <entry>
    <int>115</int>
    <list>
      <int>114</int>
      <int>108</int>
    </list>
  </entry>
  <entry>
    <int>239</int>
    <list>
      <int>247</int>
      <int>250</int>
    </list>
  </entry>
  <entry>
    <int>4</int>
    <list>
      <int>23</int>
      <int>5</int>
    </list>
  </entry>
  <entry>
    <int>242</int>
    <list>
      <int>234</int>
      <int>241</int>
    </list>
  </entry>
  <entry>
    <int>114</int>
    <list>
      <int>113</int>
    </list>
  </entry>
  <entry>
    <int>55</int>
    <list>
      <int>58</int>
      <int>54</int>
    </list>
  </entry>
  <entry>
    <int>127</int>
    <list>
      <int>128</int>
      <int>120</int>
    </list>
  </entry>
  <entry>
    <int>67</int>
    <list>
      <int>66</int>
      <int>59</int>
    </list>
  </entry>
  <entry>
    <int>76</int>
    <list>
      <int>82</int>
      <int>77</int>
    </list>
  </entry>
  <entry>
    <int>236</int>
    <list>
      <int>228</int>
      <int>237</int>
    </list>
  </entry>
  <entry>
    <int>45</int>
    <list>
      <int>49</int>
      <int>46</int>
    </list>
  </entry>
  <entry>
    <int>128</int>
    <list>
      <int>136</int>
      <int>129</int>
    </list>
  </entry>
  <entry>
    <int>237</int>
    <list>
      <int>238</int>
      <int>245</int>
    </list>
  </entry>
  <entry>
    <int>197</int>
    <list>
      <int>186</int>
      <int>196</int>
    </list>
  </entry>
  <entry>
    <int>238</int>
    <list>
      <int>239</int>
      <int>230</int>
    </list>
  </entry>
  <entry>
    <int>164</int>
    <list>
      <int>172</int>
    </list>
  </entry>
  <entry>
    <int>56</int>
    <list>
      <int>55</int>
      <int>61</int>
    </list>
  </entry>
  <entry>
    <int>5</int>
    <list>
      <int>162</int>
      <int>4</int>
      <int>231</int>
      <int>3</int>
    </list>
  </entry>
  <entry>
    <int>15</int>
    <list>
      <int>33</int>
      <int>29</int>
      <int>35</int>
    </list>
  </entry>
  <entry>
    <int>107</int>
    <list>
      <int>114</int>
      <int>108</int>
    </list>
  </entry>
  <entry>
    <int>48</int>
    <list>
      <int>45</int>
      <int>60</int>
    </list>
  </entry>
  <entry>
    <int>112</int>
    <list>
      <int>25</int>
      <int>150</int>
      <int>100</int>
    </list>
  </entry>
  <entry>
    <int>251</int>
    <list>
      <int>252</int>
    </list>
  </entry>
  <entry>
    <int>240</int>
    <list>
      <int>5</int>
      <int>232</int>
    </list>
  </entry>
  <entry>
    <int>230</int>
    <list>
      <int>199</int>
      <int>222</int>
    </list>
  </entry>
  <entry>
    <int>187</int>
    <list>
      <int>186</int>
      <int>188</int>
      <int>198</int>
    </list>
  </entry>
  <entry>
    <int>176</int>
    <list>
      <int>177</int>
    </list>
  </entry>
  <entry>
    <int>73</int>
    <list>
      <int>72</int>
      <int>70</int>
    </list>
  </entry>
  <entry>
    <int>129</int>
    <list>
      <int>122</int>
      <int>130</int>
    </list>
  </entry>
  <entry>
    <int>188</int>
    <list>
      <int>210</int>
      <int>189</int>
      <int>187</int>
    </list>
  </entry>
  <entry>
    <int>252</int>
    <list>
      <int>242</int>
      <int>253</int>
    </list>
  </entry>
  <entry>
    <int>70</int>
    <list>
      <int>35</int>
      <int>69</int>
      <int>71</int>
    </list>
  </entry>
  <entry>
    <int>106</int>
    <list>
      <int>107</int>
      <int>94</int>
    </list>
  </entry>
  <entry>
    <int>14</int>
    <list>
      <int>20</int>
      <int>61</int>
      <int>89</int>
    </list>
  </entry>
  <entry>
    <int>131</int>
    <list>
      <int>124</int>
      <int>132</int>
    </list>
  </entry>
  <entry>
    <int>47</int>
    <list>
      <int>49</int>
      <int>46</int>
    </list>
  </entry>
  <entry>
    <int>210</int>
    <list>
      <int>220</int>
      <int>211</int>
    </list>
  </entry>
  <entry>
    <int>75</int>
    <list>
      <int>264</int>
      <int>13</int>
    </list>
  </entry>
  <entry>
    <int>186</int>
    <list>
      <int>185</int>
      <int>208</int>
      <int>187</int>
    </list>
  </entry>
  <entry>
    <int>231</int>
    <list>
      <int>232</int>
      <int>180</int>
    </list>
  </entry>
  <entry>
    <int>250</int>
    <list>
      <int>222</int>
    </list>
  </entry>
  <entry>
    <int>175</int>
    <list>
      <int>168</int>
      <int>176</int>
    </list>
  </entry>
  <entry>
    <int>209</int>
    <list>
      <int>210</int>
      <int>187</int>
    </list>
  </entry>
  <entry>
    <int>130</int>
    <list>
      <int>138</int>
      <int>131</int>
    </list>
  </entry>
  <entry>
    <int>66</int>
    <list>
      <int>65</int>
    </list>
  </entry>
  <entry>
    <int>12</int>
    <list>
      <int>36</int>
      <int>38</int>
    </list>
  </entry>
  <entry>
    <int>264</int>
    <list>
      <int>263</int>
    </list>
  </entry>
  <entry>
    <int>13</int>
    <list>
      <int>262</int>
    </list>
  </entry>
  <entry>
    <int>229</int>
    <list>
      <int>230</int>
      <int>237</int>
    </list>
  </entry>
  <entry>
    <int>228</int>
    <list>
      <int>197</int>
      <int>229</int>
    </list>
  </entry>
  <entry>
    <int>185</int>
    <list>
      <int>186</int>
      <int>184</int>
      <int>196</int>
    </list>
  </entry>
  <entry>
    <int>249</int>
    <list>
      <int>248</int>
      <int>259</int>
    </list>
  </entry>
  <entry>
    <int>227</int>
    <list>
      <int>228</int>
      <int>235</int>
    </list>
  </entry>
  <entry>
    <int>215</int>
    <list>
      <int>214</int>
      <int>205</int>
    </list>
  </entry>
  <entry>
    <int>254</int>
    <list>
      <int>255</int>
      <int>244</int>
    </list>
  </entry>
  <entry>
    <int>51</int>
    <list>
      <int>75</int>
      <int>28</int>
      <int>263</int>
    </list>
  </entry>
  <entry>
    <int>151</int>
    <list>
      <int>142</int>
      <int>152</int>
    </list>
  </entry>
  <entry>
    <int>8</int>
    <list>
      <int>164</int>
      <int>163</int>
    </list>
  </entry>
  <entry>
    <int>72</int>
    <list>
      <int>69</int>
    </list>
  </entry>
  <entry>
    <int>135</int>
    <list>
      <int>134</int>
      <int>127</int>
    </list>
  </entry>
  <entry>
    <int>71</int>
    <list>
      <int>75</int>
      <int>28</int>
    </list>
  </entry>
  <entry>
    <int>49</int>
    <list>
      <int>14</int>
      <int>76</int>
    </list>
  </entry>
  <entry>
    <int>134</int>
    <list>
      <int>133</int>
    </list>
  </entry>
  <entry>
    <int>9</int>
    <list>
      <int>260</int>
    </list>
  </entry>
  <entry>
    <int>147</int>
    <list>
      <int>146</int>
      <int>156</int>
    </list>
  </entry>
  <entry>
    <int>253</int>
    <list>
      <int>254</int>
    </list>
  </entry>
  <entry>
    <int>216</int>
    <list>
      <int>215</int>
    </list>
  </entry>
  <entry>
    <int>211</int>
    <list>
      <int>189</int>
      <int>212</int>
    </list>
  </entry>
  <entry>
    <int>152</int>
    <list>
      <int>158</int>
      <int>153</int>
    </list>
  </entry>
  <entry>
    <int>52</int>
    <list>
      <int>32</int>
      <int>16</int>
    </list>
  </entry>
  <entry>
    <int>170</int>
    <list>
      <int>171</int>
      <int>161</int>
    </list>
  </entry>
  <entry>
    <int>111</int>
    <list>
      <int>26</int>
      <int>112</int>
    </list>
  </entry>
  <entry>
    <int>90</int>
    <list>
      <int>105</int>
      <int>91</int>
      <int>89</int>
    </list>
  </entry>
  <entry>
    <int>11</int>
    <list>
      <int>66</int>
      <int>59</int>
    </list>
  </entry>
  <entry>
    <int>50</int>
    <list>
      <int>44</int>
      <int>40</int>
      <int>60</int>
    </list>
  </entry>
  <entry>
    <int>255</int>
    <list>
      <int>256</int>
    </list>
  </entry>
  <entry>
    <int>91</int>
    <list>
      <int>78</int>
      <int>90</int>
      <int>92</int>
    </list>
  </entry>
  <entry>
    <int>148</int>
    <list>
      <int>22</int>
      <int>147</int>
      <int>149</int>
    </list>
  </entry>
  <entry>
    <int>173</int>
    <list>
      <int>166</int>
      <int>174</int>
    </list>
  </entry>
  <entry>
    <int>256</int>
    <list>
      <int>246</int>
      <int>257</int>
    </list>
  </entry>
  <entry>
    <int>109</int>
    <list>
      <int>116</int>
      <int>110</int>
    </list>
  </entry>
  <entry>
    <int>92</int>
    <list>
      <int>97</int>
      <int>101</int>
      <int>102</int>
    </list>
  </entry>
  <entry>
    <int>89</int>
    <list>
      <int>14</int>
      <int>90</int>
      <int>76</int>
    </list>
  </entry>
  <entry>
    <int>133</int>
    <list>
      <int>88</int>
    </list>
  </entry>
  <entry>
    <int>110</int>
    <list>
      <int>98</int>
      <int>111</int>
    </list>
  </entry>
  <entry>
    <int>174</int>
    <list>
      <int>175</int>
    </list>
  </entry>
  <entry>
    <int>10</int>
    <list>
      <int>21</int>
    </list>
  </entry>
  <entry>
    <int>69</int>
    <list>
      <int>68</int>
      <int>70</int>
    </list>
  </entry>
</map>