<map>
  <entry>
    <int>15</int>
    <list>
      <int>14</int>
    </list>
  </entry>
  <entry>
    <int>62</int>
    <list>
      <int>63</int>
    </list>
  </entry>
  <entry>
    <int>30</int>
    <list>
      <int>27</int>
    </list>
  </entry>
  <entry>
    <int>43</int>
    <list>
      <int>42</int>
    </list>
  </entry>
  <entry>
    <int>31</int>
    <list>
      <int>30</int>
    </list>
  </entry>
  <entry>
    <int>16</int>
    <list>
      <int>15</int>
    </list>
  </entry>
  <entry>
    <int>48</int>
    <list/>
  </entry>
  <entry>
    <int>59</int>
    <list>
      <int>60</int>
    </list>
  </entry>
  <entry>
    <int>32</int>
    <list>
      <int>31</int>
    </list>
  </entry>
  <entry>
    <int>34</int>
    <list>
      <int>33</int>
    </list>
  </entry>
  <entry>
    <int>73</int>
    <list>
      <int>74</int>
    </list>
  </entry>
  <entry>
    <int>41</int>
    <list>
      <int>40</int>
    </list>
  </entry>
  <entry>
    <int>70</int>
    <list>
      <int>71</int>
    </list>
  </entry>
  <entry>
    <int>60</int>
    <list>
      <int>61</int>
    </list>
  </entry>
  <entry>
    <int>61</int>
    <list>
      <int>62</int>
    </list>
  </entry>
  <entry>
    <int>1</int>
    <list>
      <int>2</int>
    </list>
  </entry>
  <entry>
    <int>29</int>
    <list>
      <int>44</int>
    </list>
  </entry>
  <entry>
    <int>14</int>
    <list>
      <int>13</int>
    </list>
  </entry>
  <entry>
    <int>68</int>
    <list>
      <int>76</int>
      <int>69</int>
    </list>
  </entry>
  <entry>
    <int>47</int>
    <list>
      <int>48</int>
    </list>
  </entry>
  <entry>
    <int>75</int>
    <list/>
  </entry>
  <entry>
    <int>58</int>
    <list>
      <int>57</int>
    </list>
  </entry>
  <entry>
    <int>18</int>
    <list>
      <int>17</int>
    </list>
  </entry>
  <entry>
    <int>63</int>
    <list>
      <int>64</int>
    </list>
  </entry>
  <entry>
    <int>3</int>
    <list>
      <int>4</int>
    </list>
  </entry>
  <entry>
    <int>66</int>
    <list>
      <int>67</int>
    </list>
  </entry>
  <entry>
    <int>12</int>
    <list>
      <int>43</int>
    </list>
  </entry>
  <entry>
    <int>27</int>
    <list>
      <int>28</int>
    </list>
  </entry>
  <entry>
    <int>44</int>
    <list>
      <int>45</int>
    </list>
  </entry>
  <entry>
    <int>64</int>
    <list>
      <int>65</int>
    </list>
  </entry>
  <entry>
    <int>17</int>
    <list>
      <int>22</int>
    </list>
  </entry>
  <entry>
    <int>2</int>
    <list>
      <int>3</int>
    </list>
  </entry>
  <entry>
    <int>13</int>
    <list>
      <int>12</int>
    </list>
  </entry>
  <entry>
    <int>77</int>
    <list/>
  </entry>
  <entry>
    <int>38</int>
    <list>
      <int>37</int>
    </list>
  </entry>
  <entry>
    <int>28</int>
    <list>
      <int>29</int>
    </list>
  </entry>
  <entry>
    <int>57</int>
    <list>
      <int>56</int>
    </list>
  </entry>
  <entry>
    <int>37</int>
    <list>
      <int>21</int>
    </list>
  </entry>
  <entry>
    <int>51</int>
    <list>
      <int>52</int>
    </list>
  </entry>
  <entry>
    <int>8</int>
    <list>
      <int>7</int>
    </list>
  </entry>
  <entry>
    <int>23</int>
    <list>
      <int>24</int>
    </list>
  </entry>
  <entry>
    <int>40</int>
    <list>
      <int>39</int>
    </list>
  </entry>
  <entry>
    <int>72</int>
    <list>
      <int>73</int>
    </list>
  </entry>
  <entry>
    <int>35</int>
    <list>
      <int>34</int>
    </list>
  </entry>
  <entry>
    <int>7</int>
    <list>
      <int>6</int>
    </list>
  </entry>
  <entry>
    <int>49</int>
    <list>
      <int>50</int>
    </list>
  </entry>
  <entry>
    <int>71</int>
    <list>
      <int>72</int>
    </list>
  </entry>
  <entry>
    <int>54</int>
    <list>
      <int>59</int>
    </list>
  </entry>
  <entry>
    <int>22</int>
    <list>
      <int>25</int>
      <int>23</int>
    </list>
  </entry>
  <entry>
    <int>53</int>
    <list>
      <int>58</int>
    </list>
  </entry>
  <entry>
    <int>9</int>
    <list>
      <int>8</int>
    </list>
  </entry>
  <entry>
    <int>65</int>
    <list>
      <int>66</int>
    </list>
  </entry>
  <entry>
    <int>21</int>
    <list>
      <int>20</int>
    </list>
  </entry>
  <entry>
    <int>33</int>
    <list>
      <int>32</int>
    </list>
  </entry>
  <entry>
    <int>6</int>
    <list>
      <int>1</int>
    </list>
  </entry>
  <entry>
    <int>52</int>
    <list>
      <int>53</int>
    </list>
  </entry>
  <entry>
    <int>42</int>
    <list>
      <int>41</int>
    </list>
  </entry>
  <entry>
    <int>24</int>
    <list/>
  </entry>
  <entry>
    <int>4</int>
    <list>
      <int>5</int>
    </list>
  </entry>
  <entry>
    <int>36</int>
    <list>
      <int>35</int>
    </list>
  </entry>
  <entry>
    <int>19</int>
    <list>
      <int>18</int>
    </list>
  </entry>
  <entry>
    <int>55</int>
    <list>
      <int>54</int>
    </list>
  </entry>
  <entry>
    <int>26</int>
    <list>
      <int>36</int>
    </list>
  </entry>
  <entry>
    <int>11</int>
    <list>
      <int>10</int>
      <int>16</int>
    </list>
  </entry>
  <entry>
    <int>67</int>
    <list>
      <int>68</int>
    </list>
  </entry>
  <entry>
    <int>50</int>
    <list>
      <int>51</int>
    </list>
  </entry>
  <entry>
    <int>76</int>
    <list>
      <int>77</int>
    </list>
  </entry>
  <entry>
    <int>39</int>
    <list>
      <int>38</int>
    </list>
  </entry>
  <entry>
    <int>45</int>
    <list>
      <int>46</int>
    </list>
  </entry>
  <entry>
    <int>74</int>
    <list>
      <int>75</int>
    </list>
  </entry>
  <entry>
    <int>46</int>
    <list>
      <int>47</int>
      <int>49</int>
    </list>
  </entry>
  <entry>
    <int>20</int>
    <list>
      <int>19</int>
    </list>
  </entry>
  <entry>
    <int>25</int>
    <list>
      <int>26</int>
    </list>
  </entry>
  <entry>
    <int>10</int>
    <list>
      <int>9</int>
    </list>
  </entry>
  <entry>
    <int>56</int>
    <list>
      <int>55</int>
    </list>
  </entry>
  <entry>
    <int>5</int>
    <list>
      <int>11</int>
    </list>
  </entry>
  <entry>
    <int>69</int>
    <list>
      <int>70</int>
    </list>
  </entry>
</map>