<map>
  <entry>
    <int>15</int>
    <point>
      <x>116.0</x>
      <y>127.0</y>
    </point>
  </entry>
  <entry>
    <int>62</int>
    <point>
      <x>635.0</x>
      <y>94.0</y>
    </point>
  </entry>
  <entry>
    <int>30</int>
    <point>
      <x>354.0</x>
      <y>83.0</y>
    </point>
  </entry>
  <entry>
    <int>43</int>
    <point>
      <x>158.0</x>
      <y>158.0</y>
    </point>
  </entry>
  <entry>
    <int>31</int>
    <point>
      <x>369.0</x>
      <y>102.0</y>
    </point>
  </entry>
  <entry>
    <int>16</int>
    <point>
      <x>116.0</x>
      <y>154.0</y>
    </point>
  </entry>
  <entry>
    <int>48</int>
    <point>
      <x>545.0</x>
      <y>49.0</y>
    </point>
  </entry>
  <entry>
    <int>59</int>
    <point>
      <x>599.0</x>
      <y>49.0</y>
    </point>
  </entry>
  <entry>
    <int>32</int>
    <point>
      <x>394.0</x>
      <y>105.0</y>
    </point>
  </entry>
  <entry>
    <int>34</int>
    <point>
      <x>417.0</x>
      <y>149.0</y>
    </point>
  </entry>
  <entry>
    <int>73</int>
    <point>
      <x>752.0</x>
      <y>102.0</y>
    </point>
  </entry>
  <entry>
    <int>41</int>
    <point>
      <x>205.0</x>
      <y>153.0</y>
    </point>
  </entry>
  <entry>
    <int>70</int>
    <point>
      <x>712.0</x>
      <y>84.0</y>
    </point>
  </entry>
  <entry>
    <int>60</int>
    <point>
      <x>627.0</x>
      <y>51.0</y>
    </point>
  </entry>
  <entry>
    <int>61</int>
    <point>
      <x>644.0</x>
      <y>71.0</y>
    </point>
  </entry>
  <entry>
    <int>1</int>
    <point>
      <x>23.0</x>
      <y>53.0</y>
    </point>
  </entry>
  <entry>
    <int>29</int>
    <point>
      <x>412.0</x>
      <y>52.0</y>
    </point>
  </entry>
  <entry>
    <int>14</int>
    <point>
      <x>118.0</x>
      <y>104.0</y>
    </point>
  </entry>
  <entry>
    <int>68</int>
    <point>
      <x>685.0</x>
      <y>135.0</y>
    </point>
  </entry>
  <entry>
    <int>47</int>
    <point>
      <x>524.0</x>
      <y>49.0</y>
    </point>
  </entry>
  <entry>
    <int>75</int>
    <point>
      <x>780.0</x>
      <y>153.0</y>
    </point>
  </entry>
  <entry>
    <int>58</int>
    <point>
      <x>575.0</x>
      <y>154.0</y>
    </point>
  </entry>
  <entry>
    <int>18</int>
    <point>
      <x>251.0</x>
      <y>77.0</y>
    </point>
  </entry>
  <entry>
    <int>63</int>
    <point>
      <x>621.0</x>
      <y>111.0</y>
    </point>
  </entry>
  <entry>
    <int>3</int>
    <point>
      <x>20.0</x>
      <y>111.0</y>
    </point>
  </entry>
  <entry>
    <int>66</int>
    <point>
      <x>632.0</x>
      <y>156.0</y>
    </point>
  </entry>
  <entry>
    <int>12</int>
    <point>
      <x>118.0</x>
      <y>52.0</y>
    </point>
  </entry>
  <entry>
    <int>27</int>
    <point>
      <x>361.0</x>
      <y>57.0</y>
    </point>
  </entry>
  <entry>
    <int>44</int>
    <point>
      <x>448.0</x>
      <y>49.0</y>
    </point>
  </entry>
  <entry>
    <int>64</int>
    <point>
      <x>596.0</x>
      <y>114.0</y>
    </point>
  </entry>
  <entry>
    <int>17</int>
    <point>
      <x>252.0</x>
      <y>51.0</y>
    </point>
  </entry>
  <entry>
    <int>2</int>
    <point>
      <x>20.0</x>
      <y>82.0</y>
    </point>
  </entry>
  <entry>
    <int>13</int>
    <point>
      <x>119.0</x>
      <y>78.0</y>
    </point>
  </entry>
  <entry>
    <int>77</int>
    <point>
      <x>741.0</x>
      <y>129.0</y>
    </point>
  </entry>
  <entry>
    <int>38</int>
    <point>
      <x>211.0</x>
      <y>77.0</y>
    </point>
  </entry>
  <entry>
    <int>28</int>
    <point>
      <x>382.0</x>
      <y>55.0</y>
    </point>
  </entry>
  <entry>
    <int>57</int>
    <point>
      <x>575.0</x>
      <y>127.0</y>
    </point>
  </entry>
  <entry>
    <int>37</int>
    <point>
      <x>212.0</x>
      <y>50.0</y>
    </point>
  </entry>
  <entry>
    <int>51</int>
    <point>
      <x>498.0</x>
      <y>119.0</y>
    </point>
  </entry>
  <entry>
    <int>8</int>
    <point>
      <x>72.0</x>
      <y>93.0</y>
    </point>
  </entry>
  <entry>
    <int>23</int>
    <point>
      <x>295.0</x>
      <y>81.0</y>
    </point>
  </entry>
  <entry>
    <int>40</int>
    <point>
      <x>210.0</x>
      <y>128.0</y>
    </point>
  </entry>
  <entry>
    <int>72</int>
    <point>
      <x>738.0</x>
      <y>84.0</y>
    </point>
  </entry>
  <entry>
    <int>35</int>
    <point>
      <x>391.0</x>
      <y>159.0</y>
    </point>
  </entry>
  <entry>
    <int>7</int>
    <point>
      <x>59.0</x>
      <y>73.0</y>
    </point>
  </entry>
  <entry>
    <int>49</int>
    <point>
      <x>497.0</x>
      <y>70.0</y>
    </point>
  </entry>
  <entry>
    <int>71</int>
    <point>
      <x>723.0</x>
      <y>60.0</y>
    </point>
  </entry>
  <entry>
    <int>54</int>
    <point>
      <x>576.0</x>
      <y>50.0</y>
    </point>
  </entry>
  <entry>
    <int>22</int>
    <point>
      <x>275.0</x>
      <y>105.0</y>
    </point>
  </entry>
  <entry>
    <int>53</int>
    <point>
      <x>497.0</x>
      <y>158.0</y>
    </point>
  </entry>
  <entry>
    <int>9</int>
    <point>
      <x>72.0</x>
      <y>117.0</y>
    </point>
  </entry>
  <entry>
    <int>65</int>
    <point>
      <x>614.0</x>
      <y>133.0</y>
    </point>
  </entry>
  <entry>
    <int>21</int>
    <point>
      <x>249.0</x>
      <y>159.0</y>
    </point>
  </entry>
  <entry>
    <int>33</int>
    <point>
      <x>415.0</x>
      <y>121.0</y>
    </point>
  </entry>
  <entry>
    <int>6</int>
    <point>
      <x>45.0</x>
      <y>54.0</y>
    </point>
  </entry>
  <entry>
    <int>52</int>
    <point>
      <x>498.0</x>
      <y>139.0</y>
    </point>
  </entry>
  <entry>
    <int>42</int>
    <point>
      <x>184.0</x>
      <y>158.0</y>
    </point>
  </entry>
  <entry>
    <int>24</int>
    <point>
      <x>317.0</x>
      <y>57.0</y>
    </point>
  </entry>
  <entry>
    <int>4</int>
    <point>
      <x>19.0</x>
      <y>136.0</y>
    </point>
  </entry>
  <entry>
    <int>36</int>
    <point>
      <x>362.0</x>
      <y>159.0</y>
    </point>
  </entry>
  <entry>
    <int>19</int>
    <point>
      <x>251.0</x>
      <y>103.0</y>
    </point>
  </entry>
  <entry>
    <int>55</int>
    <point>
      <x>575.0</x>
      <y>77.0</y>
    </point>
  </entry>
  <entry>
    <int>26</int>
    <point>
      <x>307.0</x>
      <y>152.0</y>
    </point>
  </entry>
  <entry>
    <int>11</int>
    <point>
      <x>47.0</x>
      <y>160.0</y>
    </point>
  </entry>
  <entry>
    <int>67</int>
    <point>
      <x>671.0</x>
      <y>157.0</y>
    </point>
  </entry>
  <entry>
    <int>50</int>
    <point>
      <x>496.0</x>
      <y>94.0</y>
    </point>
  </entry>
  <entry>
    <int>76</int>
    <point>
      <x>715.0</x>
      <y>129.0</y>
    </point>
  </entry>
  <entry>
    <int>39</int>
    <point>
      <x>208.0</x>
      <y>103.0</y>
    </point>
  </entry>
  <entry>
    <int>45</int>
    <point>
      <x>472.0</x>
      <y>49.0</y>
    </point>
  </entry>
  <entry>
    <int>74</int>
    <point>
      <x>765.0</x>
      <y>128.0</y>
    </point>
  </entry>
  <entry>
    <int>46</int>
    <point>
      <x>496.0</x>
      <y>49.0</y>
    </point>
  </entry>
  <entry>
    <int>20</int>
    <point>
      <x>250.0</x>
      <y>130.0</y>
    </point>
  </entry>
  <entry>
    <int>25</int>
    <point>
      <x>290.0</x>
      <y>128.0</y>
    </point>
  </entry>
  <entry>
    <int>10</int>
    <point>
      <x>67.0</x>
      <y>143.0</y>
    </point>
  </entry>
  <entry>
    <int>56</int>
    <point>
      <x>575.0</x>
      <y>101.0</y>
    </point>
  </entry>
  <entry>
    <int>5</int>
    <point>
      <x>17.0</x>
      <y>159.0</y>
    </point>
  </entry>
  <entry>
    <int>69</int>
    <point>
      <x>700.0</x>
      <y>109.0</y>
    </point>
  </entry>
</map>